ファイルパス,総行数,実行行数,コメント行数,空行数
/Users/takashi.ebina/git/repository2/stepCounter/src/main/java/co/jp/stepCounter/domain/model/commentPatternMatch/AbsCommentPatternMatch.java,126,40,73,13
/Users/takashi.ebina/git/repository2/stepCounter/src/main/java/co/jp/stepCounter/domain/model/stepCountDetail/AbsStepCount.java,226,99,117,10
/Users/takashi.ebina/git/repository2/stepCounter/src/main/java/co/jp/stepCounter/domain/value/AllFilesStepCountData.java,203,113,74,16
/Users/takashi.ebina/git/repository2/stepCounter/var/input/character/Character.java,33,9,20,4
/Users/takashi.ebina/git/repository2/stepCounter/var/input/character/CharacterIf.java,14,4,9,1
/Users/takashi.ebina/git/repository2/stepCounter/src/main/java/co/jp/stepCounter/domain/model/commentPatternMatch/CommentPatternMatchFactory.java,116,32,75,9
/Users/takashi.ebina/git/repository2/stepCounter/var/input/constant/Constant.java,25,15,7,3
/Users/takashi.ebina/git/repository2/stepCounter/src/main/java/co/jp/stepCounter/domain/model/commentPatternMatch/CsCommentPatternMatch.java,113,40,65,8
/Users/takashi.ebina/git/repository2/stepCounter/src/main/java/co/jp/stepCounter/domain/model/stepCountDetail/CsStepCount.java,106,40,57,9
/Users/takashi.ebina/git/repository2/stepCounter/src/main/java/co/jp/stepCounter/infrastructure/csvdao/CsvDaoUtil.java,48,22,23,3
/Users/takashi.ebina/git/repository2/stepCounter/src/main/java/co/jp/stepCounter/constant/EnumReverseLookup.java,57,18,34,5
/Users/takashi.ebina/git/repository2/stepCounter/var/input/character/HammerBros.java,8,6,0,2
/Users/takashi.ebina/git/repository2/stepCounter/src/main/java/co/jp/stepCounter/domain/model/commentPatternMatch/IfCommentPatternMatch.java,74,11,58,5
/Users/takashi.ebina/git/repository2/stepCounter/src/main/java/co/jp/stepCounter/domain/model/stepCountDetail/IfStepCount.java,49,10,35,4
/Users/takashi.ebina/git/repository2/stepCounter/src/main/java/co/jp/stepCounter/domain/model/commentPatternMatch/JavaCommentPatternMatch.java,113,40,65,8
/Users/takashi.ebina/git/repository2/stepCounter/src/main/java/co/jp/stepCounter/domain/model/stepCountDetail/JavaStepCount.java,106,40,56,10
/Users/takashi.ebina/git/repository2/stepCounter/src/main/java/co/jp/stepCounter/infrastructure/log/Log4J2.java,158,71,72,15
/Users/takashi.ebina/git/repository2/stepCounter/var/input/character/Luigi.java,8,6,0,2
/Users/takashi.ebina/git/repository2/stepCounter/var/input/logic/Main.java,73,34,28,11
/Users/takashi.ebina/git/repository2/stepCounter/var/input/character/Mario.java,8,6,0,2
/Users/takashi.ebina/git/repository2/stepCounter/src/main/java/co/jp/stepCounter/domain/model/commentPatternMatch/SqlCommentPatternMatch.java,114,40,65,9
/Users/takashi.ebina/git/repository2/stepCounter/src/main/java/co/jp/stepCounter/domain/model/stepCountDetail/SqlStepCount.java,106,40,56,10
/Users/takashi.ebina/git/repository2/stepCounter/src/test/java/co/jp/base/StandardInputStream.java,24,16,4,4
/Users/takashi.ebina/git/repository2/stepCounter/src/test/java/co/jp/base/StandardOutputStream.java,31,23,4,4
/Users/takashi.ebina/git/repository2/stepCounter/src/main/java/co/jp/stepCounter/infrastructure/csvdao/StepCountCsvDao.java,70,32,32,6
/Users/takashi.ebina/git/repository2/stepCounter/src/main/java/co/jp/stepCounter/domain/value/StepCountData.java,158,68,79,11
/Users/takashi.ebina/git/repository2/stepCounter/src/main/java/co/jp/stepCounter/domain/model/stepCountExecutor/StepCountExecutor.java,92,41,45,6
/Users/takashi.ebina/git/repository2/stepCounter/src/main/java/co/jp/stepCounter/domain/model/stepCountDetail/StepCountFactory.java,158,46,99,13
/Users/takashi.ebina/git/repository2/stepCounter/src/main/java/co/jp/stepCounter/domain/repository/StepCountRepository.java,23,6,15,2
/Users/takashi.ebina/git/repository2/stepCounter/src/main/java/co/jp/stepCounter/StepCounter.java,165,76,84,5
/Users/takashi.ebina/git/repository2/stepCounter/src/main/java/co/jp/stepCounter/constant/StepCounterConstant.java,196,63,116,17
/Users/takashi.ebina/git/repository2/stepCounter/src/main/java/co/jp/stepCounter/presentation/controller/cui/StepCounterCuiController.java,183,123,47,13
/Users/takashi.ebina/git/repository2/stepCounter/src/main/java/co/jp/stepCounter/presentation/controller/cui/StepCounterCuiRequestDto.java,27,13,13,1
/Users/takashi.ebina/git/repository2/stepCounter/src/main/java/co/jp/stepCounter/application/service/StepCounterCuiService.java,36,10,24,2
/Users/takashi.ebina/git/repository2/stepCounter/src/main/java/co/jp/stepCounter/application/service/impl/StepCounterCuiServiceImpl.java,84,45,30,9
/Users/takashi.ebina/git/repository2/stepCounter/src/main/java/co/jp/stepCounter/presentation/controller/gui/StepCounterGuiMainController.java,69,36,23,10
/Users/takashi.ebina/git/repository2/stepCounter/src/main/java/co/jp/stepCounter/application/service/StepCounterGuiMainService.java,37,10,24,3
/Users/takashi.ebina/git/repository2/stepCounter/src/main/java/co/jp/stepCounter/application/service/impl/StepCounterGuiMainServiceImpl.java,84,45,30,9
/Users/takashi.ebina/git/repository2/stepCounter/src/main/java/co/jp/stepCounter/presentation/view/StepCounterGuiMainView.java,463,291,134,38
/Users/takashi.ebina/git/repository2/stepCounter/src/main/java/co/jp/stepCounter/presentation/controller/gui/StepCounterGuiRequestDto.java,25,11,12,2
/Users/takashi.ebina/git/repository2/stepCounter/src/main/java/co/jp/stepCounter/constant/SystemConstant.java,36,8,22,6
/Users/takashi.ebina/git/repository2/stepCounter/src/test/java/co/jp/stepCounter/domain/model/commentPatternMatch/TestAbsCommentPatternMatch.java,13,9,1,3
/Users/takashi.ebina/git/repository2/stepCounter/src/test/java/co/jp/stepCounter/domain/model/stepCountDetail/TestAbsStepCount.java,13,9,1,3
/Users/takashi.ebina/git/repository2/stepCounter/src/test/java/co/jp/stepCounter/domain/value/TestAllFilesStepCountData.java,13,9,1,3
/Users/takashi.ebina/git/repository2/stepCounter/src/test/java/co/jp/stepCounter/domain/model/commentPatternMatch/TestCommentPatternMatchFactory.java,49,28,15,6
/Users/takashi.ebina/git/repository2/stepCounter/src/test/java/co/jp/stepCounter/domain/model/commentPatternMatch/TestCsCommentPatternMatch.java,12,7,1,4
/Users/takashi.ebina/git/repository2/stepCounter/src/test/java/co/jp/stepCounter/domain/model/stepCountDetail/TestCsStepCount.java,13,9,1,3
/Users/takashi.ebina/git/repository2/stepCounter/src/test/java/co/jp/stepCounter/infrastructure/csvdao/TestCsvDaoUtil.java,12,7,1,4
/Users/takashi.ebina/git/repository2/stepCounter/src/test/java/co/jp/stepCounter/constant/TestEnumReverseLookup.java,14,9,1,4
/Users/takashi.ebina/git/repository2/stepCounter/src/test/java/co/jp/stepCounter/domain/model/commentPatternMatch/TestIfCommentPatternMatch.java,13,9,1,3
/Users/takashi.ebina/git/repository2/stepCounter/src/test/java/co/jp/stepCounter/domain/model/stepCountDetail/TestIfStepCount.java,13,9,1,3
/Users/takashi.ebina/git/repository2/stepCounter/src/test/java/co/jp/stepCounter/domain/model/commentPatternMatch/TestJavaCommentPatternMatch.java,87,23,56,8
/Users/takashi.ebina/git/repository2/stepCounter/src/test/java/co/jp/stepCounter/domain/model/stepCountDetail/TestJavaStepCount.java,64,1,63,0
/Users/takashi.ebina/git/repository2/stepCounter/src/test/java/co/jp/stepCounter/infrastructure/log/TestLog4J2.java,13,9,1,3
/Users/takashi.ebina/git/repository2/stepCounter/src/test/java/co/jp/stepCounter/infrastructure/csvdao/TestStepCountCsvDao.java,12,7,1,4
/Users/takashi.ebina/git/repository2/stepCounter/src/test/java/co/jp/stepCounter/domain/value/TestStepCountData.java,68,43,17,8
/Users/takashi.ebina/git/repository2/stepCounter/src/test/java/co/jp/stepCounter/domain/model/stepCountExecutor/TestStepCountExecutor.java,12,7,1,4
/Users/takashi.ebina/git/repository2/stepCounter/src/test/java/co/jp/stepCounter/domain/model/stepCountDetail/TestStepCountFactory.java,74,47,16,11
/Users/takashi.ebina/git/repository2/stepCounter/src/test/java/co/jp/stepCounter/domain/repository/TestStepCountRepository.java,12,7,1,4
/Users/takashi.ebina/git/repository2/stepCounter/src/test/java/co/jp/stepCounter/TestStepCounter.java,12,7,1,4
/Users/takashi.ebina/git/repository2/stepCounter/src/test/java/co/jp/stepCounter/constant/TestStepCounterConstant.java,13,9,1,3
/Users/takashi.ebina/git/repository2/stepCounter/src/test/java/co/jp/stepCounter/presentation/controller/cui/TestStepCounterCuiController.java,545,394,90,61
/Users/takashi.ebina/git/repository2/stepCounter/src/test/java/co/jp/stepCounter/presentation/controller/cui/TestStepCounterCuiRequestDto.java,12,7,1,4
/Users/takashi.ebina/git/repository2/stepCounter/src/test/java/co/jp/stepCounter/application/service/TestStepCounterCuiService.java,12,7,1,4
/Users/takashi.ebina/git/repository2/stepCounter/src/test/java/co/jp/stepCounter/presentation/controller/gui/TestStepCounterGuiMainController.java,12,7,1,4
/Users/takashi.ebina/git/repository2/stepCounter/src/test/java/co/jp/stepCounter/application/service/TestStepCounterGuiMainService.java,12,7,1,4
/Users/takashi.ebina/git/repository2/stepCounter/src/test/java/co/jp/stepCounter/presentation/view/TestStepCounterGuiMainView.java,13,9,1,3
/Users/takashi.ebina/git/repository2/stepCounter/src/test/java/co/jp/stepCounter/constant/TestSystemConstant.java,17,9,4,4
/Users/takashi.ebina/git/repository2/stepCounter/src/test/java/co/jp/stepCounter/presentation/validator/TestValidatorUtil.java,13,9,1,3
/Users/takashi.ebina/git/repository2/stepCounter/src/main/java/co/jp/stepCounter/presentation/validator/ValidatorUtil.java,128,63,54,11
/Users/takashi.ebina/git/repository2/stepCounter/src/main/java/co/jp/stepCounter/constant/package-info.java,4,1,3,0
/Users/takashi.ebina/git/repository2/stepCounter/src/main/java/co/jp/stepCounter/application/service/impl/package-info.java,4,1,3,0
/Users/takashi.ebina/git/repository2/stepCounter/src/main/java/co/jp/stepCounter/application/service/package-info.java,4,1,3,0
/Users/takashi.ebina/git/repository2/stepCounter/src/main/java/co/jp/stepCounter/application/package-info.java,4,1,3,0
/Users/takashi.ebina/git/repository2/stepCounter/src/main/java/co/jp/stepCounter/infrastructure/csvdao/package-info.java,4,1,3,0
/Users/takashi.ebina/git/repository2/stepCounter/src/main/java/co/jp/stepCounter/infrastructure/log/package-info.java,4,1,3,0
/Users/takashi.ebina/git/repository2/stepCounter/src/main/java/co/jp/stepCounter/infrastructure/package-info.java,4,1,3,0
/Users/takashi.ebina/git/repository2/stepCounter/src/main/java/co/jp/stepCounter/domain/repository/package-info.java,4,1,3,0
/Users/takashi.ebina/git/repository2/stepCounter/src/main/java/co/jp/stepCounter/domain/value/package-info.java,4,1,3,0
/Users/takashi.ebina/git/repository2/stepCounter/src/main/java/co/jp/stepCounter/domain/model/stepCountExecutor/package-info.java,4,1,3,0
/Users/takashi.ebina/git/repository2/stepCounter/src/main/java/co/jp/stepCounter/domain/model/stepCountDetail/package-info.java,4,1,3,0
/Users/takashi.ebina/git/repository2/stepCounter/src/main/java/co/jp/stepCounter/domain/model/commentPatternMatch/package-info.java,4,1,3,0
/Users/takashi.ebina/git/repository2/stepCounter/src/main/java/co/jp/stepCounter/domain/model/package-info.java,4,1,3,0
/Users/takashi.ebina/git/repository2/stepCounter/src/main/java/co/jp/stepCounter/domain/package-info.java,4,1,3,0
/Users/takashi.ebina/git/repository2/stepCounter/src/main/java/co/jp/stepCounter/presentation/validator/package-info.java,4,1,3,0
/Users/takashi.ebina/git/repository2/stepCounter/src/main/java/co/jp/stepCounter/presentation/controller/gui/package-info.java,4,1,3,0
/Users/takashi.ebina/git/repository2/stepCounter/src/main/java/co/jp/stepCounter/presentation/controller/cui/package-info.java,4,1,3,0
/Users/takashi.ebina/git/repository2/stepCounter/src/main/java/co/jp/stepCounter/presentation/controller/package-info.java,4,1,3,0
/Users/takashi.ebina/git/repository2/stepCounter/src/main/java/co/jp/stepCounter/presentation/view/package-info.java,4,1,3,0
/Users/takashi.ebina/git/repository2/stepCounter/src/main/java/co/jp/stepCounter/presentation/package-info.java,4,1,3,0
/Users/takashi.ebina/git/repository2/stepCounter/src/main/java/co/jp/stepCounter/package-info.java,1,1,0,0
合計,5222,2497,2222,503
